questions,answers
When and where is the AI 360 conference happening?,"The conference will be held on <strong>Friday, 28th February 2025</strong>, from <strong>10:00 AM to 5:00 PM</strong> at <strong>Hyatt Place Pune, Hinjawadi, India</strong>.~<iframe src=""https://www.google.com/maps/embed?pb=!1m18!1m12!1m3!1d3781.7333518585947!2d73.73360281131752!3d18.58605646709664!2m3!1f0!2f0!3f0!3m2!1i1024!2i768!4f13.1!3m3!1m2!1s0x3bc2bbe8789db675%3A0xd4fbe31a328459b1!2sHyatt%20Place%20Pune%20Hinjawadi!5e0!3m2!1sen!2sbd!4v1740394951464!5m2!1sen!2sbd"" width=""225"" height=""200"" style=""border:0;"" allowfullscreen="""" loading=""lazy"" referrerpolicy=""no-referrer-when-downgrade""></iframe>"
What are the date and venue for AI 360?,"The conference will be held on <strong>Friday, 28th February 2025</strong>, from <strong>10:00 AM to 5:00 PM</strong> at <strong>Hyatt Place Pune, Hinjawadi, India</strong>.~<iframe src=""https://www.google.com/maps/embed?pb=!1m18!1m12!1m3!1d3781.7333518585947!2d73.73360281131752!3d18.58605646709664!2m3!1f0!2f0!3f0!3m2!1i1024!2i768!4f13.1!3m3!1m2!1s0x3bc2bbe8789db675%3A0xd4fbe31a328459b1!2sHyatt%20Place%20Pune%20Hinjawadi!5e0!3m2!1sen!2sbd!4v1740394951464!5m2!1sen!2sbd"" width=""225"" height=""200"" style=""border:0;"" allowfullscreen="""" loading=""lazy"" referrerpolicy=""no-referrer-when-downgrade""></iframe>"
Where and when will AI 360 take place?,"The conference will be held on <strong>Friday, 28th February 2025</strong>, from <strong>10:00 AM to 5:00 PM</strong> at <strong>Hyatt Place Pune, Hinjawadi, India</strong>.~<iframe src=""https://www.google.com/maps/embed?pb=!1m18!1m12!1m3!1d3781.7333518585947!2d73.73360281131752!3d18.58605646709664!2m3!1f0!2f0!3f0!3m2!1i1024!2i768!4f13.1!3m3!1m2!1s0x3bc2bbe8789db675%3A0xd4fbe31a328459b1!2sHyatt%20Place%20Pune%20Hinjawadi!5e0!3m2!1sen!2sbd!4v1740394951464!5m2!1sen!2sbd"" width=""225"" height=""200"" style=""border:0;"" allowfullscreen="""" loading=""lazy"" referrerpolicy=""no-referrer-when-downgrade""></iframe>"
AI 360 conference kab aur kahan ho raha hai?,"The conference will be held on <strong>Friday, 28th February 2025</strong>, from <strong>10:00 AM to 5:00 PM</strong> at <strong>Hyatt Place Pune, Hinjawadi, India</strong>.~<iframe src=""https://www.google.com/maps/embed?pb=!1m18!1m12!1m3!1d3781.7333518585947!2d73.73360281131752!3d18.58605646709664!2m3!1f0!2f0!3f0!3m2!1i1024!2i768!4f13.1!3m3!1m2!1s0x3bc2bbe8789db675%3A0xd4fbe31a328459b1!2sHyatt%20Place%20Pune%20Hinjawadi!5e0!3m2!1sen!2sbd!4v1740394951464!5m2!1sen!2sbd"" width=""225"" height=""200"" style=""border:0;"" allowfullscreen="""" loading=""lazy"" referrerpolicy=""no-referrer-when-downgrade""></iframe>"
AI 360 ki location aur timing kya hai?,"The conference will be held on <strong>Friday, 28th February 2025</strong>, from <strong>10:00 AM to 5:00 PM</strong> at <strong>Hyatt Place Pune, Hinjawadi, India</strong>.~<iframe src=""https://www.google.com/maps/embed?pb=!1m18!1m12!1m3!1d3781.7333518585947!2d73.73360281131752!3d18.58605646709664!2m3!1f0!2f0!3f0!3m2!1i1024!2i768!4f13.1!3m3!1m2!1s0x3bc2bbe8789db675%3A0xd4fbe31a328459b1!2sHyatt%20Place%20Pune%20Hinjawadi!5e0!3m2!1sen!2sbd!4v1740394951464!5m2!1sen!2sbd"" width=""225"" height=""200"" style=""border:0;"" allowfullscreen="""" loading=""lazy"" referrerpolicy=""no-referrer-when-downgrade""></iframe>"
AI 360 event kahaan aur kis din hone wala hai?,"The conference will be held on <strong>Friday, 28th February 2025</strong>, from <strong>10:00 AM to 5:00 PM</strong> at <strong>Hyatt Place Pune, Hinjawadi, India</strong>.~<iframe src=""https://www.google.com/maps/embed?pb=!1m18!1m12!1m3!1d3781.7333518585947!2d73.73360281131752!3d18.58605646709664!2m3!1f0!2f0!3f0!3m2!1i1024!2i768!4f13.1!3m3!1m2!1s0x3bc2bbe8789db675%3A0xd4fbe31a328459b1!2sHyatt%20Place%20Pune%20Hinjawadi!5e0!3m2!1sen!2sbd!4v1740394951464!5m2!1sen!2sbd"" width=""225"" height=""200"" style=""border:0;"" allowfullscreen="""" loading=""lazy"" referrerpolicy=""no-referrer-when-downgrade""></iframe>"
What is the duration of the conference?,"The event will run for a full day, from <strong>10:00 AM to 5:00 PM</strong>."
How long will the AI 360 conference last?,"The event will run for a full day, from <strong>10:00 AM to 5:00 PM</strong>."
What is the total duration of AI 360?,"The event will run for a full day, from <strong>10:00 AM to 5:00 PM</strong>."
AI 360 conference kitne time ka hoga?,"The event will run for a full day, from <strong>10:00 AM to 5:00 PM</strong>."
AI 360 ka duration kya hai?,"The event will run for a full day, from <strong>10:00 AM to 5:00 PM</strong>."
AI 360 kitne din tak chalega?,"The event will run for a full day, from <strong>10:00 AM to 5:00 PM</strong>."
How can I reach the venue?,"The conference is at <strong>Hyatt Place Pune, Hinjawadi, India</strong>. Attendees can use private vehicles, public transport, or book accommodations nearby if needed.~<iframe src=""https://www.google.com/maps/embed?pb=!1m18!1m12!1m3!1d3781.7333518585947!2d73.73360281131752!3d18.58605646709664!2m3!1f0!2f0!3f0!3m2!1i1024!2i768!4f13.1!3m3!1m2!1s0x3bc2bbe8789db675%3A0xd4fbe31a328459b1!2sHyatt%20Place%20Pune%20Hinjawadi!5e0!3m2!1sen!2sbd!4v1740394951464!5m2!1sen!2sbd"" width=""225"" height=""200"" style=""border:0;"" allowfullscreen="""" loading=""lazy"" referrerpolicy=""no-referrer-when-downgrade""></iframe>"
What is the best way to get to the AI 360 venue?,"The conference is at <strong>Hyatt Place Pune, Hinjawadi, India</strong>. Attendees can use private vehicles, public transport, or book accommodations nearby if needed.~<iframe src=""https://www.google.com/maps/embed?pb=!1m18!1m12!1m3!1d3781.7333518585947!2d73.73360281131752!3d18.58605646709664!2m3!1f0!2f0!3f0!3m2!1i1024!2i768!4f13.1!3m3!1m2!1s0x3bc2bbe8789db675%3A0xd4fbe31a328459b1!2sHyatt%20Place%20Pune%20Hinjawadi!5e0!3m2!1sen!2sbd!4v1740394951464!5m2!1sen!2sbd"" width=""225"" height=""200"" style=""border:0;"" allowfullscreen="""" loading=""lazy"" referrerpolicy=""no-referrer-when-downgrade""></iframe>"
How do I travel to the AI 360 event location?,"The conference is at <strong>Hyatt Place Pune, Hinjawadi, India</strong>. Attendees can use private vehicles, public transport, or book accommodations nearby if needed.~<iframe src=""https://www.google.com/maps/embed?pb=!1m18!1m12!1m3!1d3781.7333518585947!2d73.73360281131752!3d18.58605646709664!2m3!1f0!2f0!3f0!3m2!1i1024!2i768!4f13.1!3m3!1m2!1s0x3bc2bbe8789db675%3A0xd4fbe31a328459b1!2sHyatt%20Place%20Pune%20Hinjawadi!5e0!3m2!1sen!2sbd!4v1740394951464!5m2!1sen!2sbd"" width=""225"" height=""200"" style=""border:0;"" allowfullscreen="""" loading=""lazy"" referrerpolicy=""no-referrer-when-downgrade""></iframe>"
AI 360 venue tak kaise pahunchein?,"The conference is at <strong>Hyatt Place Pune, Hinjawadi, India</strong>. Attendees can use private vehicles, public transport, or book accommodations nearby if needed.~<iframe src=""https://www.google.com/maps/embed?pb=!1m18!1m12!1m3!1d3781.7333518585947!2d73.73360281131752!3d18.58605646709664!2m3!1f0!2f0!3f0!3m2!1i1024!2i768!4f13.1!3m3!1m2!1s0x3bc2bbe8789db675%3A0xd4fbe31a328459b1!2sHyatt%20Place%20Pune%20Hinjawadi!5e0!3m2!1sen!2sbd!4v1740394951464!5m2!1sen!2sbd"" width=""225"" height=""200"" style=""border:0;"" allowfullscreen="""" loading=""lazy"" referrerpolicy=""no-referrer-when-downgrade""></iframe>"
AI 360 event ki location tak kaise jayein?,"The conference is at <strong>Hyatt Place Pune, Hinjawadi, India</strong>. Attendees can use private vehicles, public transport, or book accommodations nearby if needed.~<iframe src=""https://www.google.com/maps/embed?pb=!1m18!1m12!1m3!1d3781.7333518585947!2d73.73360281131752!3d18.58605646709664!2m3!1f0!2f0!3f0!3m2!1i1024!2i768!4f13.1!3m3!1m2!1s0x3bc2bbe8789db675%3A0xd4fbe31a328459b1!2sHyatt%20Place%20Pune%20Hinjawadi!5e0!3m2!1sen!2sbd!4v1740394951464!5m2!1sen!2sbd"" width=""225"" height=""200"" style=""border:0;"" allowfullscreen="""" loading=""lazy"" referrerpolicy=""no-referrer-when-downgrade""></iframe>"
AI 360 tak pahunchne ka best tareeka kya hai?,"The conference is at <strong>Hyatt Place Pune, Hinjawadi, India</strong>. Attendees can use private vehicles, public transport, or book accommodations nearby if needed.~<iframe src=""https://www.google.com/maps/embed?pb=!1m18!1m12!1m3!1d3781.7333518585947!2d73.73360281131752!3d18.58605646709664!2m3!1f0!2f0!3f0!3m2!1i1024!2i768!4f13.1!3m3!1m2!1s0x3bc2bbe8789db675%3A0xd4fbe31a328459b1!2sHyatt%20Place%20Pune%20Hinjawadi!5e0!3m2!1sen!2sbd!4v1740394951464!5m2!1sen!2sbd"" width=""225"" height=""200"" style=""border:0;"" allowfullscreen="""" loading=""lazy"" referrerpolicy=""no-referrer-when-downgrade""></iframe>"
