event,benefits,audience,desc
AI 360 Advanced Powered Learning,"<strong>What Attendees Will Gain: -</strong>
                <ul>
                    <li><strong>Networking Opportunities:</strong> Connect with academics, industry leaders, and policymakers.</li>
                    <li><strong>AI Insights:</strong> Gain valuable knowledge on AI-powered learning and education advancements.</li>
                    <li><strong>Exclusive Benefits:</strong> Explore innovations in education and collaboration opportunities with universities and AI specialists.</li>
                </ul>
                <strong>Key Outcomes: -</strong>
                <ul>
                    <li>Access cutting-edge curriculum recommendations and industry-aligned skills frameworks.</li>
                    <li>Develop a roadmap for research collaborations and knowledge-sharing with top experts.</li>
                </ul>","<strong>Who Should Attend?</strong>
                <ul>
                    <li><strong>Academia & Industry Professionals:</strong> University leaders, curriculum designers, AI experts, and HR specialists.</li>
                    <li><strong>Policymakers:</strong> Influencers in education and technology shaping the future of learning.</li>
                    <li><strong>Aspiring Minds:</strong> Students and enthusiasts passionate about AI, data, and educational innovation.</li>
                </ul>
                <strong>Students are highly encouraged to join!</strong> This is a great opportunity to explore AI's role in education and connect with industry leaders.","The <strong>AI 360 Advanced Powered Learning</strong> conference is a premier collaborative event dedicated to exploring the transformative role of artificial 
            intelligence in higher education. Under the theme <strong>""Future Trends: AI in Higher Education""</strong>, the conference delves into the dynamic intersection 
            of academia and industry, fostering innovation and partnership. 
            ~Key discussions will revolve around AI-powered learning in education, industry-academia collaboration, and cutting-edge AI applications in higher education. 
            By bringing together leading experts, the event aims to define AI's evolving role in shaping future-ready curriculums and ensuring alignment with industry needs, 
            paving the way for a more innovative and sustainable educational landscape."
AI Revolutionizing Education Principal Conclave,Kindly visit <a href='https://ziesworld.in/'>here</a> to check with the conference info.,Kindly visit <a href='https://ziesworld.in/'>here</a> to check with the conference info.,Kindly visit <a href='https://ziesworld.in/'>here</a> to check with the conference info.
